{
  "A_samples": [
    "I would summarize a newspaper article by identifying and concisely conveying the main point, key details, and the context or significance of the story.",
    "To summarize a newspaper article in one sentence, identify and concisely convey the main point or central idea, highlighting the most important details or findings.",
    "To summarize a newspaper article in one sentence, identify the main point or central theme by highlighting the key facts, who, what, when, where, why, and how."
  ],
  "B_samples": [
    "I would summarize a Reddit post by concisely capturing its main topic, key points, and the overall tone or intent of the author.",
    "To summarize a Reddit post in one sentence, I would identify and concisely convey the main point or discussion topic, capturing the essence of the original content and any significant context or opinions expressed.",
    "To summarize a Reddit post, identify and concisely convey the main topic, key points, and any notable context or responses from the comments."
  ],
  "most_similar": {
    "similarity": 0.7288803458213806,
    "A_index": 26,
    "B_index": 22,
    "A_text": "To summarize a newspaper article, identify and concisely convey the main point or argument, key facts, and any significant outcomes or implications presented in the text.",
    "B_text": "To summarize a Reddit post, identify the main topic or question, the key points or arguments presented, and any significant conclusions or outcomes discussed."
  },
  "most_different": {
    "similarity": 0.36746805906295776,
    "A_index": 8,
    "B_index": 3,
    "A_text": "I would distill the newspaper article into a concise summary by highlighting the main point, key details, and any significant outcomes or implications.",
    "B_text": "I would condense the Reddit post by identifying and articulating its main point, tone, and any key details or questions raised, while maintaining its original intent and context."
  }
}