{
  "A_samples": [
    "Fixing a flat tire is an essential skill that can help you get back on the road quickly. Here's a step-by-step guide to changing a flat tire:\n\n1. **Find a Safe Location:**\n   - Pull over to a safe, flat area away from traffic. Turn on your hazard lights to alert other drivers.\n\n2. **Gather Necessary Tools:**\n   -",
    "Fixing a flat tire is a relatively straightforward process if you have the right tools and follow the steps carefully. Here’s a step-by-step guide:\n\n### Tools and Materials Needed\n- Spare tire\n- Jack\n- Lug wrench\n- Wheel wedges or blocks\n- Flat tire repair kit (optional, if repairing instead of replacing)\n- Gloves (optional)\n- Reflective",
    "Fixing a flat tire is a valuable skill and can be done by following these steps. Make sure you have the necessary tools: a spare tire, a jack, a lug wrench, and possibly a tire iron or a crowbar. Here's a step-by-step guide:\n\n1. **Find a Safe Location:**\n   - Pull over to a safe, flat location away from"
  ],
  "B_samples": [
    "Repairing a tire that has lost air involves a few steps to ensure it is safe to use again. Here’s a general guide on how to do it:\n\n1. **Identify the Leak**: \n   - Inspect the tire visually to locate any obvious punctures, nails, or other debris.\n   - If the leak is not visible, mix soap and water and spray",
    "Repairing a tire that has lost air involves a few steps. Here’s a basic guide on how to do it:\n\n1. **Identify the Leak**:\n   - Inflate the tire to its recommended pressure.\n   - Listen for a hissing sound to locate the leak or spray soapy water on the tire and look for bubbles forming.\n\n2. **Assess the Damage**",
    "If you have a tire that has lost air, you can attempt to repair it using the following steps, provided the damage is minor and repairable, such as a small puncture:\n\n1. **Safety First**: Ensure your car is parked on a flat, stable surface and engage the parking brake. If necessary, place wheel chocks behind the other tires.\n\n2."
  ],
  "most_similar": {
    "similarity": 0.6972914338111877,
    "A_index": 1,
    "B_index": 19,
    "A_text": "Fixing a flat tire is a useful skill that can save you time and money. Here’s a step-by-step guide on how to do it:\n\n### Tools and Materials Needed:\n- Spare tire\n- Jack\n- Lug wrench\n- Wheel wedges\n- Tire pressure gauge\n- Reflective warning triangles or flares (optional for safety)\n- Gloves (optional)\n\n###",
    "B_text": "Repairing a tire that has lost air involves several steps, depending on the cause of the air loss. Here’s a general guide on how to repair a flat tire:\n\n1. **Find the Leak**: \n   - **Visual Inspection**: Look for any obvious signs of damage such as nails, screws, or cuts.\n   - **Listen for Hissing**:"
  },
  "most_different": {
    "similarity": 0.31486815214157104,
    "A_index": 6,
    "B_index": 7,
    "A_text": "Fixing a flat tire is an essential skill for any driver. Here’s a step-by-step guide to help you change a flat tire safely:\n\n1. **Find a Safe Location**: \n   - Pull over to a safe area away from traffic. A flat, level surface is ideal to prevent your car from rolling.\n   - Turn on your hazard lights to alert other",
    "B_text": "Repairing a tire that has lost air depends on the cause of the air loss. Here are some steps you can follow to address the issue:\n\n1. **Identify the Cause:**\n   - **Visual Inspection:** Look for obvious signs of damage such as punctures, nails, or screws lodged in the tire.\n   - **Soapy Water Test:** Mix soap and water"
  }
}