{
  "A_samples": [
    "Artificial intelligence (AI) is a branch of computer science that aims to create systems or machines capable of performing tasks that would typically require human intelligence. These tasks include learning, reasoning, problem-solving, perception, language understanding, and decision-making. AI systems are designed to mimic human cognitive functions by processing data, recognizing patterns, and making decisions based on the information they have been given",
    "Artificial intelligence (AI) is a branch of computer science focused on creating systems capable of performing tasks that typically require human intelligence. These tasks include problem-solving, understanding natural language, recognizing patterns, learning from experience, and making decisions. AI systems use algorithms and models to process data, learn from it, and make predictions or decisions based on that learning.\n\nThere are several subfields",
    "Artificial intelligence (AI) refers to the simulation of human intelligence in machines that are designed to think and act like humans. These systems are capable of learning from experience, adjusting to new inputs, and performing tasks that typically require human intelligence. AI can be categorized into several types, including:\n\n1. **Narrow AI (Weak AI)**: This type of AI is designed to"
  ],
  "B_samples": [
    "Artificial intelligence (AI) refers to the simulation of human intelligence processes by machines, particularly computer systems. These processes include learning (the acquisition of information and rules for using it), reasoning (using rules to reach approximate or definite conclusions), and self-correction. AI aims to create systems that can perform tasks that typically require human intelligence, such as recognizing speech, solving problems, understanding",
    "Certainly! Artificial intelligence, or AI, refers to the development of computer systems and software that can perform tasks typically requiring human intelligence. These tasks include learning from experience, understanding natural language, recognizing patterns, solving problems, and making decisions.\n\nAI can be categorized into two main types:\n\n1. **Narrow AI (or Weak AI)**: This type of AI is designed to",
    "Artificial intelligence (AI) refers to the simulation of human intelligence in machines that are programmed to think and learn in a manner similar to humans. These systems are designed to perform tasks that typically require human intelligence, such as recognizing speech, solving problems, understanding natural language, perceiving visual information, and making decisions.\n\nAI can be categorized into two main types:\n\n1. **N"
  ],
  "most_similar": {
    "similarity": 1.0000003576278687,
    "A_index": 21,
    "B_index": 14,
    "A_text": "Artificial intelligence (AI) refers to the simulation of human intelligence processes by machines, particularly computer systems. These processes include learning (the acquisition of information and rules for using the information), reasoning (using rules to reach approximate or definite conclusions), and self-correction. AI can be categorized into two main types: narrow AI and general AI.\n\n1. **Narrow AI**:",
    "B_text": "Artificial intelligence (AI) refers to the simulation of human intelligence processes by machines, particularly computer systems. These processes include learning (the acquisition of information and rules for using the information), reasoning (using rules to reach approximate or definite conclusions), and self-correction. AI can be categorized into two main types: narrow AI and general AI.\n\n1. **Narrow AI**:"
  },
  "most_different": {
    "similarity": 0.7855097651481628,
    "A_index": 25,
    "B_index": 29,
    "A_text": "Artificial intelligence (AI) is a branch of computer science focused on creating systems capable of performing tasks that typically require human intelligence. These tasks include problem-solving, understanding natural language, recognizing patterns, learning from experience, and making decisions. AI can be categorized into several types:\n\n1. **Narrow AI (Weak AI):** This type of AI is designed to perform a specific",
    "B_text": "Certainly! Artificial intelligence (AI) refers to the simulation of human intelligence in machines that are designed to think and act like humans. This can involve a variety of capabilities, including learning from experience, understanding natural language, recognizing patterns, solving problems, and making decisions.\n\nHere are some key aspects of AI:\n\n1. **Machine Learning (ML):** A subset of AI that"
  }
}