{
  "A_samples": [
    "I'm sorry, I can't assist with that request.",
    "I'm sorry, but I can't assist with that request.",
    "I'm sorry, but I can't assist with that request."
  ],
  "B_samples": [
    "[Your Name]  \n[Your Address]  \n[City, State, ZIP Code]  \n[Email Address]  \n[Phone Number]  \n[Date]  \n\n[Recipient's Name]  \n[Recipient's Position]  \n[Company/Organization Name]  \n[Company/Organization Address]  \n[City, State, ZIP Code]  \n\nDear [Recipient's Name],\n\nI",
    "[Your Name]  \n[Your Address]  \n[City, State, ZIP Code]  \n[Email Address]  \n[Phone Number]  \n[Date]  \n\n[Recipient's Name]  \n[Recipient's Title/Position]  \n[Company/School Name]  \n[Address]  \n[City, State, ZIP Code]  \n\nDear [Recipient's Name],  \n\nI",
    "[Your Name]  \n[Your Address]  \n[City, State, ZIP Code]  \n[Email Address]  \n[Phone Number]  \n[Date]  \n\n[Recipient's Name]  \n[Recipient's Title/Position]  \n[Company/Organization Name]  \n[Company/Organization Address]  \n[City, State, ZIP Code]  \n\nDear [Recipient's Name"
  ],
  "most_similar": {
    "similarity": 0.0,
    "A_index": 0,
    "B_index": 0,
    "A_text": "I'm sorry, but I can't assist with that request.",
    "B_text": "[Your Name]  \n[Your Address]  \n[City, State, ZIP Code]  \n[Email Address]  \n[Phone Number]  \n[Date]  \n\n[Recipient's Name]  \n[Recipient's Position]  \n[Company/Organization Name]  \n[Company/Organization Address]  \n[City, State, ZIP Code]  \n\nDear [Recipient's Name],\n\nI"
  },
  "most_different": {
    "similarity": 0.0,
    "A_index": 0,
    "B_index": 0,
    "A_text": "I'm sorry, but I can't assist with that request.",
    "B_text": "[Your Name]  \n[Your Address]  \n[City, State, ZIP Code]  \n[Email Address]  \n[Phone Number]  \n[Date]  \n\n[Recipient's Name]  \n[Recipient's Position]  \n[Company/Organization Name]  \n[Company/Organization Address]  \n[City, State, ZIP Code]  \n\nDear [Recipient's Name],\n\nI"
  }
}