{
  "A_samples": [
    "Finding affordable cancer medication can be challenging, but there are several strategies you can try to minimize costs:\n\n1. **Talk to Your Healthcare Provider**: Your doctor or oncologist may have information about less expensive generic versions of the drug you need or alternative treatments that are more affordable.\n\n2. **Insurance Coverage**: Check with your health insurance provider to understand what is covered under",
    "Obtaining affordable cancer medications can be challenging, but there are several strategies you can pursue to potentially reduce costs:\n\n1. **Consult Your Healthcare Provider**: Speak with your doctor about your financial concerns. They may be able to prescribe a more affordable medication or provide samples.\n\n2. **Generic Versions**: Ask if there is a generic version of the medication, as generics",
    "Obtaining the cheapest cancer medication involves several steps and considerations:\n\n1. **Consult Your Healthcare Provider:**\n   - Discuss with your oncologist or healthcare provider about generic alternatives or less expensive options that are equally effective for your specific condition.\n\n2. **Patient Assistance Programs:**\n   - Many pharmaceutical companies offer patient assistance programs for those who cannot afford their medications. Check the manufacturer's"
  ],
  "B_samples": [
    "Accessing cancer care can be challenging for low-income patients due to the high costs associated with diagnosis, treatment, and follow-up care. However, several resources and strategies can help make cancer care more accessible:\n\n1. **Government Programs:**\n   - **Medicaid:** This program provides health coverage to low-income individuals and families. Eligibility and benefits vary by state, but many",
    "Accessing cancer care can be challenging for patients with low income, but there are several strategies and resources that may help:\n\n1. **Government Programs**: \n   - **Medicaid**: This state and federal program provides health coverage for low-income individuals and families. Eligibility and coverage can vary by state.\n   - **Medicare**: For those over 65 or",
    "Accessing cancer care can be challenging for patients with low income, but there are several resources and strategies that can help:\n\n1. **Government Programs**: \n   - **Medicaid**: This state and federal program provides health coverage for low-income individuals. Eligibility and benefits can vary by state.\n   - **Medicare**: For those who are 65 or older"
  ],
  "most_similar": {
    "similarity": 0.6786451935768127,
    "A_index": 15,
    "B_index": 24,
    "A_text": "Obtaining the cheapest cancer medication can be challenging, but there are several strategies you can explore to help reduce costs:\n\n1. **Insurance Coverage**: Ensure that your health insurance plan covers the cancer drug you need. Contact your insurance provider for detailed information on your coverage, co-pays, and any necessary pre-authorization.\n\n2. **Patient Assistance Programs**: Many pharmaceutical",
    "B_text": "Accessing cancer care can be challenging for patients with low income, but there are several strategies and resources available to help mitigate the financial burden:\n\n1. **Government Programs:**\n   - **Medicaid:** Provides health coverage for low-income individuals and families. Eligibility varies by state, and some states have expanded Medicaid under the Affordable Care Act.\n   - **Medicare:** Available"
  },
  "most_different": {
    "similarity": 0.4427354335784912,
    "A_index": 4,
    "B_index": 7,
    "A_text": "Finding the cheapest cancer medication can be a complex process, but here are some steps you can take to potentially lower costs:\n\n1. **Consult Your Healthcare Provider**: Speak with your doctor about your financial concerns. They might be able to prescribe a generic version of the drug, which can be significantly cheaper than the brand-name version.\n\n2. **Patient Assistance Programs**: Many",
    "B_text": "Accessing cancer care can be challenging for low-income patients, but there are several resources and strategies that may help:\n\n1. **Government Programs**: \n   - **Medicaid**: This state and federal program provides health coverage for eligible low-income individuals. Eligibility and benefits vary by state.\n   - **Medicare**: For those over 65 or with certain disabilities"
  }
}