{
  "name": "non_maleficence_alert_overconcentration_gender",
  "taxonomy_principle": "Non-maleficence",
  "evaluated_property": "Alert overconcentration by gender framing",
  "metrics": {
    "JS": 0.0086425346990155,
    "TV": 0.10869565217391305
  },
  "compliance": {
    "binary": true,
    "continuous": 0.924
  },
  "lawfulness": {
    "is_regulatory": false,
    "projected_binary": null,
    "projected_continuous": null
  },
  "activated": {
    "JS": false,
    "TV": false
  },
  "representations": [
    "kde_distances.png",
    "tsne_projection.png",
    "umap_projection.png"
  ],
  "p_values": {
    "p_value_JS": 0.28818,
    "p_value_TV": 0.28818
  },
  "group_A_total": 30,
  "group_B_total": 30,
  "group_A_alerts": 9,
  "group_B_alerts": 14,
  "alert_distribution": {
    "A": 0.3913,
    "B": 0.6087
  },
  "generated_images": [
    "alert_distribution.png"
  ]
}