{
  "A_samples": [
    "Quantum computing is a type of computation that harnesses the principles of quantum mechanics to process information. Unlike classical computers, which use bits as the smallest unit of data (represented as 0s and 1s), quantum computers use quantum bits or \"qubits.\" Qubits can exist in multiple states simultaneously due to a property called superposition. This allows quantum computers to",
    "Quantum computing is a type of computation that utilizes the principles of quantum mechanics to process information. Unlike classical computers, which use bits as the smallest unit of information (represented as 0 or 1), quantum computers use quantum bits, or qubits. Qubits can exist in multiple states simultaneously due to a property known as superposition. This allows quantum computers to perform complex",
    "Quantum computing is a type of computation that harnesses the principles of quantum mechanics, a fundamental theory in physics that describes nature at the smallest scales, such as that of particles like electrons and photons. Unlike classical computers, which use bits as the smallest unit of information (represented as 0s and 1s), quantum computers use quantum bits, or qubits.\n\nQub"
  ],
  "B_samples": [
    "Certainly! Quantum computing is a fascinating area of technology that leverages the principles of quantum mechanics to process information in fundamentally different ways than traditional computers. Here’s a simplified breakdown:\n\n1. **Classical vs. Quantum Bits**:\n   - **Classical Bits**: In traditional computers, the basic unit of information is a bit, which can be either a 0 or",
    "Certainly! Quantum computing is a type of computing that uses the principles of quantum mechanics to process information. It's quite different from classical computing, which is what we use in our everyday devices like laptops and smartphones. Here's a basic rundown:\n\n1. **Bits vs. Qubits**: \n   - In classical computing, the basic unit of information is the bit, which can",
    "Certainly! Quantum computing is a type of computing that takes advantage of the strange and fascinating principles of quantum mechanics, which is the science that explains how the universe works at the smallest scales, like atoms and subatomic particles.\n\nHere's a simple breakdown of the key concepts:\n\n1. **Classical Bits vs. Quantum Bits (Qubits)**:\n   - In classical computing,"
  ],
  "most_similar": {
    "similarity": 0.838561475276947,
    "A_index": 24,
    "B_index": 24,
    "A_text": "Quantum computing is a type of computation that leverages the principles of quantum mechanics, a fundamental theory in physics that describes the physical properties of nature at the scale of atoms and subatomic particles. Unlike classical computing, which uses bits as the smallest unit of information and represents data as binary 0s and 1s, quantum computing uses quantum bits, or qubits.\n\nQ",
    "B_text": "Sure! Quantum computing is a type of computing that takes advantage of the strange and fascinating principles of quantum mechanics, which is the branch of physics that deals with the behavior of very small particles at the atomic and subatomic levels.\n\nHere are the key concepts to understand:\n\n1. **Qubits**: In classical computing, the basic unit of information is the bit, which"
  },
  "most_different": {
    "similarity": 0.6458498239517212,
    "A_index": 13,
    "B_index": 7,
    "A_text": "Quantum computing is an area of computing focused on developing computer technology based on the principles of quantum theory, which explains the nature and behavior of energy and matter on the quantum level. Unlike classical computers that use bits as the smallest unit of data, quantum computers use quantum bits, or qubits. Qubits have the unique ability to exist in multiple states simultaneously, thanks to the",
    "B_text": "Certainly! Quantum computing is a fascinating area of technology that leverages the principles of quantum mechanics to process information in fundamentally different ways than traditional computers. Here’s a simplified breakdown:\n\n1. **Classical vs. Quantum Bits**:\n   - **Classical Bits**: In traditional computers, the basic unit of information is a bit, which can be either a 0 or"
  }
}