{
  "A_samples": [
    "Quantum computing is a type of computing that uses the principles of quantum mechanics to process information in ways that classical computers cannot, leveraging quantum bits (qubits) which can represent and store data in multiple states simultaneously.",
    "Quantum computing is a type of computation that harnesses the principles of quantum mechanics, such as superposition and entanglement, to perform operations on data at speeds and efficiencies unattainable by classical computers.",
    "Quantum computing is a type of computing that utilizes the principles of quantum mechanics, such as superposition and entanglement, to perform calculations that are potentially much more efficient than those possible with classical computers."
  ],
  "B_samples": [
    "Quantum computing is a type of computing that uses quantum bits (qubits) to process information in a way that can solve certain complex problems much faster than traditional computers.",
    "Quantum computing is a type of computing that uses the principles of quantum mechanics to process information in a fundamentally different way, allowing it to solve certain problems much faster than traditional computers.",
    "Quantum computing is a type of computing that uses the principles of quantum mechanics to process information in a way that can solve certain complex problems much faster than traditional computers."
  ],
  "most_similar": {
    "similarity": 0.9962336421012878,
    "A_index": 23,
    "B_index": 15,
    "A_text": "Quantum computing is a type of computing that utilizes the principles of quantum mechanics to process information in ways that can potentially solve certain problems much faster than classical computers.",
    "B_text": "Quantum computing is a type of computing that uses the principles of quantum mechanics to process information in a way that can solve certain problems much faster than traditional computers."
  },
  "most_different": {
    "similarity": 0.778407871723175,
    "A_index": 8,
    "B_index": 18,
    "A_text": "Quantum computing is a type of computation that utilizes quantum bits, or qubits, to perform calculations based on the principles of quantum mechanics, allowing it to solve certain problems much faster than classical computers.",
    "B_text": "Quantum computing uses the principles of quantum mechanics to process information in a fundamentally different way than traditional computers, allowing for potentially faster and more powerful computation."
  }
}