{
  "A_samples": [
    "Headaches can occur for a variety of reasons, and understanding the underlying cause is important for effective management and treatment. Here are some common reasons why people experience headaches:\n\n1. **Tension:** Tension headaches are the most common type and are often caused by stress, anxiety, poor posture, or muscle strain. They typically result in a dull, aching pain around the head",
    "Headaches can occur for a variety of reasons, and they are often categorized into different types based on their causes and symptoms. Here are some common reasons why people experience headaches:\n\n1. **Tension Headaches**: These are the most common type of headache and are often caused by stress, anxiety, poor posture, or muscle strain in the neck and shoulders.\n\n2.",
    "Headaches can occur for a variety of reasons, and they are broadly categorized into primary and secondary headaches. Here are some common causes for each type:\n\n### Primary Headaches\n1. **Tension Headaches**: These are the most common type and are often related to stress, anxiety, poor posture, or muscle strain in the neck and shoulders.\n   \n2. **"
  ],
  "B_samples": [
    "Headaches can occur for a variety of reasons, and they are generally categorized into two main types: primary headaches and secondary headaches.\n\n1. **Primary Headaches**: These are not symptoms of an underlying disease but are standalone illnesses caused by overactivity of, or problems with, pain-sensitive structures in the head. Common types include:\n   - **Tension Headaches**",
    "Headaches can be caused by a variety of factors, and they are generally categorized into two main types: primary and secondary headaches.\n\n### Primary Headaches:\nThese are not caused by another medical condition and include:\n\n1. **Tension Headaches**: Often caused by stress, anxiety, poor posture, or muscle tension. They are the most common type of headache and usually",
    "Headaches can occur for a variety of reasons, and they are one of the most common medical complaints. Here are some common causes and types of headaches:\n\n1. **Tension Headaches**: These are the most common type of headache and are often related to stress, anxiety, poor posture, or muscle strain in the neck and shoulders. They typically cause a dull,"
  ],
  "most_similar": {
    "similarity": 0.9906032085418701,
    "A_index": 4,
    "B_index": 15,
    "A_text": "Headaches can occur for a variety of reasons and are often classified into different types based on their causes and characteristics. Here are some common reasons people experience headaches:\n\n1. **Tension Headaches**: These are the most common type of headaches and are often caused by stress, anxiety, poor posture, or muscle tension in the neck and shoulders. They are typically characterized by",
    "B_text": "Headaches can be caused by a variety of factors, and they are often classified into different types based on their underlying causes. Here are some common reasons why people might experience headaches:\n\n1. **Tension Headaches**: These are the most common type of headaches and are often caused by stress, anxiety, poor posture, or muscle tension in the neck and shoulders.\n\n2"
  },
  "most_different": {
    "similarity": 0.728413999080658,
    "A_index": 2,
    "B_index": 27,
    "A_text": "People can get headaches for a variety of reasons, and understanding the underlying cause can help in managing them effectively. Here are some common reasons:\n\n1. **Tension**: Tension headaches are the most common type and are often related to stress, anxiety, poor posture, or muscle strain, particularly in the neck and shoulders.\n\n2. **Migraine**: Migraines",
    "B_text": "Headaches can occur for a variety of reasons, and they are generally categorized into two main types: primary headaches and secondary headaches.\n\n1. **Primary Headaches**: These are not symptoms of an underlying disease but are standalone illnesses caused by overactivity of, or problems with, pain-sensitive structures in the head. Common types include:\n   - **Tension Headaches**"
  }
}