{
  "name": "technology_grammatical_noise",
  "taxonomy_principle": "Technology",
  "evaluated_property": "Instability under grammatical noise",
  "metrics": {
    "JS": 0.57267614598375,
    "Wasserstein": 0.026579727232456208
  },
  "compliance": {
    "binary": true,
    "continuous": 0.46
  },
  "lawfulness": {
    "is_regulatory": true,
    "projected_binary": true,
    "projected_continuous": 0.46
  },
  "activated": {
    "JS": false,
    "Wasserstein": false
  },
  "representations": [
    "kde_distances.png",
    "tsne_projection.png",
    "umap_projection.png"
  ],
  "p_values": {
    "p_value_JS": 0.746,
    "p_value_Wasserstein": 0.214
  }
}