{
  "A_samples": [
    "Earthquakes are primarily caused by the sudden release of energy in the Earth's crust, leading to seismic waves. This release of energy is usually due to the movement of tectonic plates, which are large sections of the Earth's crust that float on the semi-fluid asthenosphere beneath them. Here are the main causes of earthquakes:\n\n1. **Tectonic Plate Movements**",
    "Earthquakes are primarily caused by the sudden release of energy in the Earth's crust, leading to seismic waves. This release of energy usually occurs due to the following reasons:\n\n1. **Tectonic Plate Movements**: The Earth's crust is divided into several large and small tectonic plates that float on the semi-fluid asthenosphere below. Most earthquakes occur at the boundaries",
    "Earthquakes are primarily caused by the sudden release of energy in the Earth's crust, resulting in seismic waves. This release of energy typically occurs due to the movement of tectonic plates, which are large sections of the Earth's crust and upper mantle. Here are the main causes of earthquakes:\n\n1. **Tectonic Plate Movements**: The Earth's lithosphere is divided into"
  ],
  "B_samples": [
    "Earthquakes are caused by the sudden release of energy in the Earth's crust, creating seismic waves. This release of energy usually occurs due to several factors:\n\n1. **Tectonic Plate Movements**: The Earth's crust is divided into large plates that float on the semi-fluid asthenosphere beneath them. These tectonic plates are constantly moving, albeit very slowly. Earth",
    "Earthquakes are caused by the sudden release of energy in the Earth's crust, resulting in seismic waves. This release of energy typically occurs due to a variety of geological processes, including:\n\n1. **Tectonic Plate Movements**: The Earth's crust is divided into large plates known as tectonic plates. These plates are constantly moving, and earthquakes often occur at their boundaries",
    "Earthquakes are caused by the sudden release of energy in the Earth's crust, leading to seismic waves. This release of energy typically occurs due to several reasons:\n\n1. **Tectonic Plate Movements**: The Earth's crust is divided into several large and small tectonic plates that float on the semi-fluid asthenosphere beneath them. These plates constantly move, and their"
  ],
  "most_similar": {
    "similarity": 0.9977883100509644,
    "A_index": 26,
    "B_index": 20,
    "A_text": "Earthquakes are caused by the sudden release of energy in the Earth's crust, resulting in seismic waves. This release of energy usually occurs due to several factors:\n\n1. **Tectonic Plate Movements:** The Earth's surface is divided into several large and small tectonic plates that float on the semi-fluid asthenosphere beneath them. Most earthquakes occur along plate boundaries where these",
    "B_text": "Earthquakes are caused by the sudden release of energy in the Earth's crust, resulting in seismic waves. This release of energy typically occurs due to several factors:\n\n1. **Tectonic Plate Movements**: The Earth's crust is divided into several large and small tectonic plates that float on the semi-fluid asthenosphere beneath them. Most earthquakes occur at the boundaries of"
  },
  "most_different": {
    "similarity": 0.8864264488220215,
    "A_index": 6,
    "B_index": 27,
    "A_text": "Earthquakes are caused by the sudden release of energy in the Earth's crust, resulting in seismic waves. This release of energy is usually due to several factors:\n\n1. **Tectonic Plate Movements**: The Earth's crust is divided into several large and small tectonic plates that float on the semi-fluid asthenosphere beneath them. These plates are constantly moving, albeit",
    "B_text": "Earthquakes are primarily caused by the movement of tectonic plates beneath the Earth's surface. The Earth's crust is divided into several large and small plates that float on the semi-fluid layer of the mantle. The interactions and movements of these plates can lead to earthquakes through several mechanisms:\n\n1. **Plate Boundaries**: Most earthquakes occur along plate boundaries, where plates interact in different"
  }
}